Date;CHF;HKD;INR;SGD;USD;AED;ARS;COP
06/10/2026;0,9359;8,8438;108,6615;1,4392;1,1269;4,131976;1712,128;3613,08885
05/10/2026;0,9311;8,7925;107,8915;1,4344;1,1204;4,109321;1704,376;3669,25494
04/10/2026;;;;;;;;3692,16937
03/10/2026;;;;;;;;3692,16937
02/10/2026;0,9279;8,8084;108,1245;1,4366;1,1225;4,140361;1710,76;3730,78866
01/10/2026;0,9437;8,8658;108,832;1,446;1,1298;4,147374;1711,0988;3731,91426
30/09/2026;0,9478;8,9095;108,8205;1,4503;1,1355;4,169505;1719,5195;3795,13609
29/09/2026;0,9461;8,9091;108,991;1,4504;1,1355;4,165249;1723,5128;3798,48042
28/09/2026;0,9464;8,9258;109,2095;1,4538;1,1378;4,173295;1734,42365;3757,9157
27/09/2026;;;;;;;;3770,31642
26/09/2026;;;;;;;;3770,31642
25/09/2026;0,9445;8,9445;109,2605;1,4563;1,1403;4,186617;1737,8496;3796,25484
24/09/2026;0,9409;8,9148;109,0775;1,4549;1,1367;4,176143;1727,21565;3712,91718
23/09/2026;0,939;8,9506;109,25;1,4587;1,1411;4,186617;1727,1788;3658,35369
22/09/2026;0,9393;8,9909;109,5805;1,4612;1,1463;4,206276;1731,8646;3653,05245
21/09/2026;0,9438;9,0144;110,0975;1,4647;1,149;4,212549;1735,9524;3663,23711
20/09/2026;;;;;;;;3659,7249
19/09/2026;;;;;;;;3659,7249
18/09/2026;0,9462;8,9903;109,8755;1,4651;1,146;4,209169;1738,79745;3612,51292
17/09/2026;0,9466;9,0071;110,1475;1,4642;1,1481;4,219324;1732,876;3593,34915
16/09/2026;0,9449;9,0507;110,714;1,469;1,1537;4,234894;1744,7628;3577,29921
15/09/2026;0,9441;9,0518;110,7285;1,4683;1,1539;4,240762;1738,1997;3589,22045
14/09/2026;0,9431;9,0599;110,3755;1,4676;1,1551;4,232454;1742,21775;3544,63151
13/09/2026;;;;;;;;3568,28799
12/09/2026;;;;;;;;3568,28799
11/09/2026;0,9451;9,0904;110,7675;1,4697;1,1592;4,263408;1749,5583;3601,65645
10/09/2026;0,9432;9,1083;110,8645;1,4711;1,1616;4,264894;1758,106;3604,07534
09/09/2026;0,9404;9,1378;110,8225;1,4721;1,1652;4,27781;1761,56265;3629,7526
08/09/2026;0,9425;9,1068;110,1315;1,4701;1,1614;4,268364;1757,8512;3635,78734
07/09/2026;0,9405;9,1119;109,821;1,4716;1,1622;4,270845;1757,2699;3636,09995
06/09/2026;;;;;;;;3631,25452
05/09/2026;;;;;;;;3631,25452
04/09/2026;0,9405;9,112;109,8165;1,4724;1,1622;4,263408;1751,2404;3649,00377
03/09/2026;0,939;9,1078;109,75;1,4725;1,1615;4,267868;1754,2564;3649,16207
02/09/2026;0,9424;9,0801;109,962;1,4741;1,1578;4,259947;1750,6446;3691,3704
01/09/2026;0,9394;9,0877;110,0485;1,4759;1,159;4,260441;1753,2644;3726,91961
31/08/2026;0,9376;9,0888;110,361;1,4758;1,1596;4,258465;1752,2736;3720,36086
30/08/2026;;;;;;;;3721,96225
29/08/2026;;;;;;;;3721,96225
28/08/2026;0,9364;9,1276;111,0585;1,4802;1,1643;4,277312;1751,0472;3653,96778
27/08/2026;0,9376;9,1282;111,2575;1,4804;1,1645;4,279306;1761,3288;3631,5023
26/08/2026;0,938;9,1463;111,3475;1,4817;1,1669;4,278807;1764,1128;3588,75879
25/08/2026;0,9361;9,1407;111,276;1,4814;1,1662;4,286298;1764,5251;3566,79434
24/08/2026;0,9362;9,1408;111,6875;1,4819;1,1664;4,283798;1760,66;3555,93679
23/08/2026;;;;;;;;3558,07047
22/08/2026;;;;;;;;3558,07047
21/08/2026;0,9353;9,1726;111,9595;1,4838;1,1699;4,289302;1750,9819;3575,3932
20/08/2026;0,9333;9,1624;111,7985;1,486;1,1681;4,2883;1747,7475;3567,53335
19/08/2026;0,9402;9,1002;111,1265;1,481;1,1605;4,280802;1745,6517;3614,11877
18/08/2026;0,9406;9,0799;110,7673;1,4791;1,1576;4,25304;1730,612;3623,60243
17/08/2026;0,9389;9,0951;110,8375;1,4797;1,1593;4,257477;;3625,16675
16/08/2026;;;;;;;;3623,28956
15/08/2026;;;;;;;;3623,28956
14/08/2026;0,939;9,077;110,3818;1,4784;1,1567;4,252547;1720,29375;3621,96933
13/08/2026;0,9373;9,0506;110,0815;1,4765;1,1534;4,237337;1719,9776;3605,67059
12/08/2026;0,9366;9,0594;110,069;1,4766;1,1545;4,242232;1718,208;3602,33899
11/08/2026;0,9351;9,0546;110,1375;1,4773;1,154;4,238804;1719,7389;3607,57374
10/08/2026;0,934;9,0653;110,1228;1,4785;1,1555;4,239783;1726,25565;3647,14739
09/08/2026;;;;;;;;3647,93675
08/08/2026;;;;;;;;3647,93675
07/08/2026;0,9347;9,0491;109,8275;1,4775;1,1535;4,244683;1732,266;3647,93675
06/08/2026;0,9346;9,0542;109,9085;1,4798;1,1542;4,238804;1727,87385;3667,4379
05/08/2026;0,9345;9,0619;109,9045;1,4806;1,1554;4,240272;1729,3554;3702,1704
04/08/2026;0,9319;9,0316;109,8285;1,4767;1,1515;4,231966;1723,9904;3722,59753
03/08/2026;0,932;9,0464;109,9725;1,4783;1,1535;4,231478;1719,549;3620,16279
02/08/2026;;;;;;;;3617,49027
01/08/2026;;;;;;;;3617,49027
31/07/2026;0,9304;9,0079;109,5495;1,4757;1,1485;4,210134;1712,6505;3604,00583
30/07/2026;0,9324;9,0018;109,808;1,4775;1,1476;4,233429;1715,9616;3688,22916
29/07/2026;0,9332;8,9246;108,8475;1,471;1,138;4,183755;1709,3296;3648,76094
28/07/2026;0,9319;8,9136;108,961;1,4702;1,1367;4,176143;1706,222;3650,12388
27/07/2026;0,9284;8,9313;109,2425;1,4696;1,1389;4,176143;1702,3884;3650,8883
26/07/2026;;;;;;;;3653,29622
25/07/2026;;;;;;;;3653,29622
24/07/2026;0,9302;8,9225;109,865;1,4687;1,1377;4,178519;1702,089;3663,25284
23/07/2026;0,9295;8,9328;110,0255;1,4711;1,1392;4,177093;1693,2908;3646,5205
22/07/2026;0,9268;8,9443;110,167;1,473;1,1408;4,192352;1691,9547;3694,77479
21/07/2026;0,9259;8,9525;109,882;1,4734;1,1418;4,190916;1685,2365;3721,13561
20/07/2026;0,9236;8,9587;110,1985;1,4749;1,1426;4,191873;1690,5615;3721,625
19/07/2026;;;;;;;;3732,39152
18/07/2026;;;;;;;;3732,39152
17/07/2026;0,9228;8,9653;110,102;1,4765;1,1435;4,199543;1689,9452;3685,29304
16/07/2026;0,925;8,9898;110,4895;1,4782;1,1467;4,205313;1687,9536;3700,56321
15/07/2026;0,9256;8,9412;109,794;1,4739;1,1406;4,198102;1691,98875;3719,2756
14/07/2026;0,9257;8,9387;109,7215;1,4743;1,1405;4,206276;1681,0416;3718,16927
13/07/2026;0,9253;8,9548;109,2375;1,4765;1,1424;4,191873;1687,5534;3705,33623
12/07/2026;;;;;;;;3711,1842
11/07/2026;;;;;;;;3711,1842
10/07/2026;0,9223;8,9611;108,9665;1,4757;1,143;4,193309;;3775,73557
09/07/2026;0,9227;8,9605;109,0765;1,4784;1,1435;4,202426;;3818,05486
08/07/2026;0,9222;8,9395;108,9765;1,4757;1,1404;4,190438;1699,296;3804,80485
07/07/2026;0,9218;8,9661;108,582;1,4764;1,1433;4,200023;1705,0576;3830,99997
06/07/2026;0,9201;8,9528;108,9035;1,4765;1,1415;4,190916;1700,11005;3807,65632
05/07/2026;;;;;;;;3815,99365
04/07/2026;;;;;;;;3815,99365
03/07/2026;0,919;8,9791;109,002;1,4774;1,1448;4,201464;1702,99285;3842,18553
02/07/2026;0,92;8,9414;108,7435;1,4756;1,1399;4,204832;1701,0816;3894,4534
01/07/2026;0,9234;8,9287;108,4215;1,4762;1,1383;4,185662;1694,6309;3920,30966
30/06/2026;0,9224;8,935;107,8565;1,4754;1,1394;4,184232;1692,7404;3937,05644
29/06/2026;0,9222;8,9449;107,838;1,4754;1,1406;4,190916;1693,0582;3933,44067
28/06/2026;;;;;;;;3923,9708
27/06/2026;;;;;;;;3923,9708
26/06/2026;0,9218;8,9408;107,6305;1,4755;1,1401;4,195225;1681,7122;3912,71254
25/06/2026;0,9223;8,8928;107,0635;1,4719;1,1342;4,174719;1679,9398;3900,22824
24/06/2026;0,9216;8,891;107,3605;1,4722;1,134;4,166667;1678,9608;3885,36989
23/06/2026;0,9225;8,9313;107,928;1,4763;1,1392;4,182325;1674,567;3877,03885
22/06/2026;0,9257;8,981;108,473;1,481;1,1456;4,196663;1670,34835;3959,60506
21/06/2026;;;;;;;;3967,90793
20/06/2026;;;;;;;;3967,90793
19/06/2026;0,9248;8,9887;108,1675;1,4804;1,1467;4,209652;1676,4975;3967,90793
18/06/2026;0,9218;8,9827;108,1155;1,4795;1,1461;4,213515;1663,1362;3951,08062
17/06/2026;0,9193;9,0821;109,5745;1,4876;1,1591;4,258959;1664,6442;3971,80277
16/06/2026;0,9224;9,0821;109,6335;1,4866;1,1594;4,258465;1668,20745;4034,44199
15/06/2026;0,9212;9,093;109,9355;1,4882;1,1607;4,265885;;4034,44199
14/06/2026;;;;;;;;4022,97211
13/06/2026;;;;;;;;4022,97211
12/06/2026;0,9217;9,0633;110,0195;1,4854;1,1567;4,249595;1652,91;4066,74687
11/06/2026;0,9221;9,041;110,484;1,4857;1,1537;4,234406;1654,68075;4108,59729
10/06/2026;0,9222;9,0426;109,9275;1,4866;1,1539;4,245665;1655,1105;4137,48166
09/06/2026;0,9206;9,0691;110,3495;1,4873;1,1573;4,24812;1664,0668;4148,54965
08/06/2026;0,9187;9,0427;110,4475;1,4855;1,154;4,238804;1669,11635;4141,37347
07/06/2026;;;;;;;;4147,47323
06/06/2026;;;;;;;;4147,47323
05/06/2026;0,9175;9,1185;110,5215;1,4939;1,164;4,249595;1660,0322;4121,15338
04/06/2026;0,9168;9,1185;111,4945;1,4929;1,164;4,274325;1669,5003;4155,40319
03/06/2026;0,9167;9,1012;111,1575;1,489;1,1614;4,262419;1668,51615;4136,0163
02/06/2026;0,9149;9,1298;110,9845;1,4892;1,1649;4,273828;1658,4594;4145,36544
01/06/2026;0,9128;9,1271;110,629;1,4881;1,1646;4,262914;1659,151;4272,90685
31/05/2026;;;;;;;;4292,21714
30/05/2026;;;;;;;;4292,21714
29/05/2026;0,9111;9,1238;110,6195;1,487;1,1644;4,27781;1642,0096;4255,37653
28/05/2026;0,9167;9,1015;111,1705;1,4865;1,1617;4,270349;1643,073;4229,87115
27/05/2026;0,9153;9,1173;111,365;1,4869;1,1637;4,27532;1642,31375;4237,24304
26/05/2026;0,9136;9,1161;111,32;1,4866;1,1634;4,269356;1640,1464;4262,77389
25/05/2026;0,9099;9,1214;110,887;1,4873;1,1643;4,274325;;4269,19125
24/05/2026;;;;;;;;4253,05618
23/05/2026;;;;;;;;4253,05618
22/05/2026;0,9119;9,0865;110,9585;1,4846;1,1595;4,257971;1629,4442;4292,84892
21/05/2026;0,9145;9,0873;111,5885;1,4848;1,1599;4,257971;1615,9885;4324,94358
20/05/2026;0,9165;9,0861;112,317;1,4852;1,16;4,25649;1623,0346;4411,96294
19/05/2026;0,915;9,1015;112,1815;1,4887;1,162;4,263903;1623,3576;4402,93592
18/05/2026;0,9144;9,1211;112,2285;1,4895;1,1648;4,278807;1627,2256;4420,21127
17/05/2026;;;;;;;;4415,65514
16/05/2026;;;;;;;;4415,65514
15/05/2026;0,9144;9,1065;111,594;1,4884;1,1628;4,268364;1621,2457;4401,6061
14/05/2026;0,915;9,1662;112,0675;1,4901;1,1702;4,292309;1624,2707;4432,45488
13/05/2026;0,9155;9,1735;112,0793;1,4904;1,1715;4,299848;1629,336;4420,0407
12/05/2026;0,9172;9,1887;112,2585;1,4937;1,1738;4,308423;1623,9856;4411,37445
11/05/2026;0,9163;9,2112;112,1385;1,4938;1,1765;4,328226;1638,9087;4414,0838
10/05/2026;;;;;;;;4412,21025
09/05/2026;;;;;;;;4412,21025
08/05/2026;0,9156;9,2067;111,1285;1,4911;1,1761;4,324659;1646,145;4391,21542
07/05/2026;0,9157;9,218;110,938;1,4898;1,177;4,321605;1640,1604;4365,07438
06/05/2026;0,9165;9,2163;111,2865;1,4917;1,1762;4,315511;1630,6224;4377,33291
05/05/2026;0,9165;9,1577;111,35;1,4925;1,1686;4,296327;1629,6707;4339,90776
04/05/2026;0,9173;9,1647;111,2585;1,4927;1,17;4,301862;1639,803;4258,7967
03/05/2026;;;;;;;;4280,43989
02/05/2026;;;;;;;;4280,43989
01/05/2026;;;;;;4,320588;;4280,43989
30/04/2026;0,919;9,1662;111,0695;1,4934;1,1702;4,292811;1631,3648;4248,62287
29/04/2026;0,9236;9,1736;111,0315;1,4952;1,1706;4,291306;1625,68945;4251,4992
28/04/2026;0,9238;9,1527;110,426;1,493;1,168;4,294819;1645,37175;4204,72753
27/04/2026;0,921;9,208;110,6745;1,4954;1,1749;4,310446;1661,1491;4167,65311
26/04/2026;;;;;;;;4156,9996
25/04/2026;;;;;;;;4156,9996
24/04/2026;0,9199;9,1763;110,3885;1,4949;1,1712;4,299344;1639,23435;4168,06177
23/04/2026;0,9177;9,16;110,052;1,4919;1,1694;4,292309;1627,5264;4179,51536
22/04/2026;0,9175;9,1892;110,0605;1,4945;1,1733;4,311458;1613,638;4190,59419
21/04/2026;0,9172;9,214;110,0275;1,4961;1,1767;4,320588;1615,6623;4199,34216
20/04/2026;0,9189;9,2105;109,4525;1,4952;1,176;4,323131;1622,7945;4229,66475
19/04/2026;;;;;;;;4244,93559
18/04/2026;;;;;;;;4244,93559
17/04/2026;0,9231;9,2382;109,5025;1,5009;1,1797;4,345125;1609,42775;4270,87914
16/04/2026;0,923;9,2195;109,8595;1,4985;1,1782;4,322622;1599,045;4241,31494
15/04/2026;0,922;9,2289;110,0695;1,4991;1,178;4,328226;1602,8046;4222,11289
14/04/2026;0,921;9,2372;109,7765;1,4993;1,1793;4,333333;1609,1108;4260,80529
13/04/2026;0,9242;9,1507;109,047;1,4912;1,1684;4,298841;1588,7836;4252,65636
12/04/2026;;;;;;;;4259,19304
11/04/2026;;;;;;;;4259,19304
10/04/2026;0,9241;9,1729;108,7795;1,4919;1,1711;4,307918;1605,914;4272,61045
09/04/2026;0,924;9,1551;108,2738;1,4891;1,1685;4,289803;1617,7034;4253,89412
08/04/2026;0,9223;9,1685;107,9533;1,49;1,1706;4,295322;1619,7675;4301,6432
07/04/2026;0,9242;9,0564;107,4895;1,4847;1,1557;4,247138;1612,37575;4240,82169
06/04/2026;;;;;;4,245665;1607,6613;4242,80369
05/04/2026;;;;;;;;4245,92813
04/04/2026;;;;;;;;4245,92813
03/04/2026;;;;;;4,235871;;4245,92813
02/04/2026;0,9213;9,0325;107,3;1,4834;1,1525;4,234894;;4245,92813
01/04/2026;0,9191;9,0955;108,424;1,4875;1,1605;4,263408;1615,7854;4254,31723
31/03/2026;0,9194;9,0136;107,8788;1,4811;1,1498;4,234406;1594,5516;4228,52791
30/03/2026;0,9187;8,9969;108,7686;1,4812;1,1484;4,209652;1601,6886;4206,56582
29/03/2026;;;;;;;;4226,74472
28/03/2026;;;;;;;;4226,74472
27/03/2026;0,9178;9,0223;109,1945;1,4831;1,1517;4,233917;1591,8105;4234,11784
26/03/2026;0,9151;9,0281;108,6045;1,4821;1,1539;4,238804;1576,8936;4256,85168
25/03/2026;0,9153;9,0637;108,9005;1,4829;1,1592;4,249103;1595,00725;4281,67519
24/03/2026;0,9145;9,0575;108,597;1,4819;1,1572;4,252547;;4289,49848
23/03/2026;0,9124;9,0819;108,099;1,4791;1,1596;4,258959;;4292,27713
22/03/2026;;;;;;;;4277,27241
21/03/2026;;;;;;;;4277,27241
20/03/2026;0,9096;9,0545;108,175;1,4793;1,1555;4,238804;1607,418;4262,96816
19/03/2026;0,9121;8,9966;107,133;1,4744;1,1489;4,232454;1612,042;4264,79612
18/03/2026;0,9073;9,0135;106,83;1,4734;1,15;4,229042;1606,3062;4248,07796
17/03/2026;0,9068;9,0355;106,5055;1,4723;1,1531;4,233917;1610,984;4254,54556
16/03/2026;0,9041;8,9881;105,8818;1,4676;1,1478;4,22272;1604,5624;4232,8312
15/03/2026;;;;;;;;4217,72053
14/03/2026;;;;;;;;4217,72053
13/03/2026;0,9034;8,9827;106,0205;1,4685;1,1476;4,213999;1601,74;4234,80642
12/03/2026;0,9028;9,038;106,4745;1,4726;1,1547;4,234894;1606,88235;4249,3482
11/03/2026;0,9031;9,0642;106,629;1,4757;1,1581;4,261924;1615,3116;4291,74982
10/03/2026;0,9027;9,1075;107,05;1,481;1,1641;4,270349;1630,16;4361,61514
09/03/2026;0,9008;9,0311;106,65;1,4792;1,1555;4,249595;1639,728;4400,18111
08/03/2026;;;;;;;;4394,67756
07/03/2026;;;;;;;;4394,67756
06/03/2026;0,9045;9,04;106,1745;1,481;1,1561;4,244193;1642,1352;4362,70932
05/03/2026;0,9064;9,0863;106,4773;1,4839;1,1618;4,258959;1630,5723;4344,88306
04/03/2026;0,9082;9,1064;107,2678;1,4844;1,1649;4,271839;1628,7815;4420,26307
03/03/2026;0,9107;9,0552;106,9525;1,4833;1,1606;4,257971;1640,551;4361,73966
02/03/2026;0,9117;9,1509;107,317;1,49;1,1698;4,295322;1632,987;4399,0384
01/03/2026;;;;;;;;4446,87041
28/02/2026;;;;;;;;4446,87041
27/02/2026;0,9104;9,2359;107,5205;1,4942;1,1805;4,330778;1650,6952;4422,64244
26/02/2026;0,914;9,2417;107,421;1,4922;1,1814;4,33538;1658,0608;4369,79864
25/02/2026;0,913;9,2157;107,167;1,4906;1,1784;4,32364;1651,7993;4370,42589
24/02/2026;0,912;9,2126;107,0865;1,4925;1,1777;4,32364;1627,0573;4353,08679
23/02/2026;0,9145;9,2136;107,115;1,4923;1,1784;4,332822;1617,19;4353,93553
22/02/2026;;;;;;;;4350,98245
21/02/2026;;;;;;;;4350,98245
20/02/2026;0,9132;9,1961;107,0155;1,4931;1,1767;4,321605;1620,928;4356,14516
19/02/2026;0,9119;9,1846;107,183;1,4916;1,1753;4,319064;1634,2974;4315,90826
18/02/2026;0,9124;9,2565;107,425;1,4971;1,1845;4,342556;1648,1176;4331,88817
17/02/2026;0,9116;9,2428;107,2565;1,4946;1,1826;4,341017;;4314,61102
16/02/2026;0,9129;9,265;107,5625;1,4962;1,1855;4,354399;;4330,31845
15/02/2026;;;;;;;;4328,492
14/02/2026;;;;;;;;4328,492
13/02/2026;0,9121;9,2725;107,481;1,4992;1,1862;4,35905;1662,0462;4343,76601
12/02/2026;0,9142;9,2815;107,565;1,4984;1,1874;4,364749;1655,307;4362,99538
11/02/2026;0,9136;9,3013;107,9515;1,5027;1,19;4,358016;1664,18;4340,23307
10/02/2026;0,9123;9,2983;107,6878;1,5061;1,1894;4,373065;1672,5776;4351,05625
09/02/2026;0,915;9,2888;107,8375;1,5067;1,1886;4,372544;1686,3144;4372,12575
08/02/2026;;;;;;;;4337,99289
07/02/2026;;;;;;;;4337,99289
06/02/2026;0,9175;9,2152;106,9265;1,5016;1,1794;4,33794;1692,3376;4363,46391
05/02/2026;0,9161;9,2171;106,546;1,5021;1,1798;4,335891;1701,8484;4298,2837
04/02/2026;0,9168;9,2334;106,8698;1,5027;1,182;4,342043;1707,61575;4272,5112
03/02/2026;0,9173;9,2201;106,371;1,4994;1,1801;4,330268;1708,7382;4285,9454
02/02/2026;0,9199;9,2484;108,417;1,5055;1,184;4,340503;1712,18;4328,21822
01/02/2026;;;;;;;;4366,57463
31/01/2026;;;;;;;;4366,57463
30/01/2026;0,9157;9,3067;109,5825;1,5111;1,1919;4,375149;1717,7337;4355,65364
29/01/2026;0,9182;9,3407;110,007;1,5128;1,1968;4,391367;1726,89975;4373,31891
28/01/2026;0,9188;9,3415;110,093;1,5108;1,1974;4,390842;1724,87745;4393,70789
27/01/2026;0,9197;9,3046;109,288;1,5096;1,1929;4,378801;1728,25925;4393,5791
26/01/2026;0,9223;9,2289;108,6115;1,5044;1,1836;4,353367;1707,4625;4327,62204
25/01/2026;;;;;;;;4277,23741
24/01/2026;;;;;;;;4277,23741
23/01/2026;0,9277;9,1561;107,864;1,5016;1,1742;4,309434;1689,507;4268,36049
22/01/2026;0,9283;9,1283;107,216;1,5026;1,1706;4,302871;1678,94775;4305,19715
21/01/2026;0,9268;9,1532;107,5775;1,5045;1,1739;4,310952;1673,9711;4309,81149
20/01/2026;0,9268;9,1456;106,677;1,5045;1,1728;4,30994;1682,81195;4339,41864
19/01/2026;0,9282;9,0685;105,6965;1,4946;1,1631;4,271342;1670,76215;4306,8582
18/01/2026;;;;;;;;4290,20797
17/01/2026;;;;;;;;4290,20797
16/01/2026;0,9313;9,0613;105,397;1,4962;1,1617;4,26638;1658,228;4275,44754
15/01/2026;0,9314;9,0657;104,9647;1,4969;1,1624;4,259453;1673,001;4240,71663
14/01/2026;0,9333;9,0841;105,2118;1,5007;1,1651;4,27781;1692,3091;4271,33784
13/01/2026;0,9311;9,0925;105,1478;1,5006;1,1654;4,285798;1696,8222;4330,78155
12/01/2026;0,9313;9,1156;105,419;1,5019;1,1692;4,293815;1712,279;4342,30453
11/01/2026;;;;;;;;4327,06446
10/01/2026;;;;;;;;4327,06446
09/01/2026;0,9314;9,0763;105,0335;1,4984;1,1642;4,27781;1704,088;4347,52934
08/01/2026;0,9312;9,0981;104,988;1,4995;1,1675;4,282799;1705,9992;4373,57251
07/01/2026;0,9304;9,0976;104,9835;1,4972;1,1684;4,293815;1706,302;4360,48742
06/01/2026;0,9287;9,1172;105,5405;1,4984;1,1707;4,301359;1717,2685;4409,42708
05/01/2026;0,9289;9,0822;105,316;1,5018;1,1664;4,287299;1721,958;4436,90674
04/01/2026;;;;;;;;4454,72336
03/01/2026;;;;;;;;4454,72336
02/01/2026;0,9296;9,1329;105,719;1,5077;1,1721;4,303879;1730,175;4415,13256
01/01/2026;;;;;;4,313484;;4412,5026
31/12/2025;0,9314;9,1464;105,5965;1,5105;1,175;4,310952;1707,879;4412,5026
30/12/2025;0,9293;9,1511;105,58;1,5095;1,1757;4,319572;1710,6435;4358,84067
29/12/2025;0,9293;9,1467;105,776;1,5122;1,1766;4,322114;1712,1207;4372,67603
28/12/2025;;;;;;;;4376,57788
27/12/2025;;;;;;;;4376,57788
26/12/2025;;;;;;4,330778;1709,73775;4365,84858
25/12/2025;;;;;;4,327716;;4366,21927
24/12/2025;0,9284;9,1655;105,7755;1,5135;1,1787;4,327716;;4428,10351
23/12/2025;0,9287;9,1674;105,5479;1,5153;1,1786;4,324149;1707,9721;4465,77472
22/12/2025;0,9316;9,1362;105,29;1,515;1,1745;4,315004;1707,1164;4491,22195
21/12/2025;;;;;;;;4470,79603
20/12/2025;;;;;;;;4470,79603
19/12/2025;0,9318;9,113;105,054;1,5143;1,1712;4,304888;1699,255;4537,28541
18/12/2025;0,9316;9,119;105,7785;1,5129;1,1719;4,314497;1700,4269;4534,56117
17/12/2025;0,9332;9,1207;105,9275;1,5142;1,1722;4,309434;1705,0701;4522,07369
16/12/2025;0,9351;9,1609;107,069;1,5176;1,1776;4,325677;1706,6662;4493,30343
15/12/2025;0,9355;9,1462;106,653;1,5148;1,1753;4,312977;1689,51825;4456,25841
14/12/2025;;;;;;;;4447,16594
13/12/2025;;;;;;;;4447,16594
12/12/2025;0,9333;9,1332;106,1955;1,5152;1,1731;4,305898;1692,7427;4473,53061
11/12/2025;0,9333;9,1154;105,8005;1,5147;1,1714;4,308423;1688,018;4531,47699
10/12/2025;0,9356;9,0532;104,6008;1,5079;1,1634;4,274822;1675,98125;4495,37202
09/12/2025;0,9385;9,056;104,55;1,5091;1,1637;4,272833;1676,0366;4453,93025
08/12/2025;0,9388;9,0681;104,945;1,5107;1,1655;4,27781;;4452,39825
07/12/2025;;;;;;;;4461,20729
06/12/2025;;;;;;;;4461,20729
05/12/2025;0,9365;9,0652;104,733;1,5084;1,1645;4,279306;1670,914;4377,22521
04/12/2025;0,934;9,0801;104,843;1,5115;1,1666;4,284798;1683,1264;4413,51688
03/12/2025;0,9336;9,0826;105,2075;1,5101;1,1668;4,283798;1695,5057;4451,9642
02/12/2025;0,9346;9,0424;104,4705;1,5072;1,1614;4,266876;1688,8185;4392,39867
01/12/2025;0,9323;9,0703;104,2823;1,5065;1,1646;4,27532;1686,643;4354,77209
30/11/2025;;;;;;;;4345,59823
29/11/2025;;;;;;;;4345,59823
28/11/2025;0,9318;9,002;103,4905;1,5008;1,1566;4,252055;1684,0303;4379,45148
27/11/2025;0,9337;9,0118;103,5815;1,5039;1,1586;4,257971;1681,275;4375,30052
26/11/2025;0,9341;9,0042;103,2665;1,5029;1,1577;4,241252;1685,04255;4411,33944
25/11/2025;0,9345;8,9823;103,0343;1,5038;1,1551;4,245174;1676,34975;4398,47906
24/11/2025;0,9324;8,9647;102,914;1,5026;1,1544;4,237826;;4391,32137
23/11/2025;;;;;;;;4380,65681
22/11/2025;;;;;;;;4380,65681
21/11/2025;0,9289;8,9679;103,2628;1,5065;1,152;4,230016;;4303,02169
20/11/2025;0,9294;8,9644;102,144;1,5055;1,1514;4,234894;1642,8825;4283,90299
19/11/2025;0,9284;9,0196;102,5145;1,5104;1,1583;4,250087;1622,11645;4315,74898
18/11/2025;0,9233;9,0233;102,644;1,5093;1,159;4,259453;1620,64;4360,35661
17/11/2025;0,9225;9,012;102,7195;1,5099;1,1593;4,256984;1607,9491;4366,38024
16/11/2025;;;;;;;;4372,0274
15/11/2025;;;;;;;;4372,0274
14/11/2025;0,9185;9,0517;103,2865;1,5129;1,1648;4,273828;1629,4442;4319,57148
13/11/2025;0,9244;9,0288;103,0475;1,5109;1,1619;4,268364;1638,2712;4329,55645
12/11/2025;0,925;8,9958;102,5675;1,5081;1,1576;4,249595;1637,0728;4360,79833
11/11/2025;0,9278;8,997;102,43;1,5067;1,1575;4,260935;1638,2322;4360,79833
10/11/2025;0,9318;8,9945;102,611;1,5074;1,1571;4,24812;1642,098;4363,65328
09/11/2025;;;;;;;;4373,4792
08/11/2025;;;;;;;;4373,4792
07/11/2025;0,9312;8,9908;102,518;1,5053;1,1561;4,247138;1638,7115;4405,72018
06/11/2025;0,9316;8,967;102,1525;1,5041;1,1533;4,235871;;4430,5564
05/11/2025;0,9307;8,9361;101,867;1,5018;1,1492;4,213515;1666,896;4445,20831
04/11/2025;0,9295;8,9328;101,9355;1,5012;1,1491;4,220294;1669,6282;4436,0499
03/11/2025;0,9298;8,9501;102,2145;1,5013;1,1514;4,226608;1708,5978;4448,59529
02/11/2025;;;;;;;;4455,3505
01/11/2025;;;;;;;;4455,3505
31/10/2025;0,9287;8,9787;102,507;1,5039;1,1554;4,238804;1665,218;4467,23876
30/10/2025;0,9281;8,9724;102,4688;1,5047;1,155;4,250579;1663,047;4492,94935
29/10/2025;0,9278;9,0422;102,666;1,5062;1,1636;4,273828;1671,6476;4519,61337
28/10/2025;0,9262;9,0365;102,7108;1,5075;1,163;4,273828;1714,314;4481,76057
27/10/2025;0,9264;9,0414;102,717;1,5088;1,164;4,272833;1670,053;4489,70893
26/10/2025;;;;;;;;4486,04323
25/10/2025;;;;;;;;4486,04323
24/10/2025;0,9248;9,0222;101,958;1,5089;1,1612;4,269852;1734,7484;4521,07237
23/10/2025;0,9249;9,0092;101,8109;1,5066;1,1593;4,262914;1717,2669;4530,41234
22/10/2025;0,9228;9,0044;102,4452;1,5052;1,1587;4,258959;1729,4735;4501,31409
21/10/2025;0,923;9,0204;102,1073;1,5061;1,1607;4,263903;1729,8743;4499,36636
20/10/2025;0,9239;9,0556;102,4515;1,5088;1,1655;4,27781;1717,3425;4437,98304
19/10/2025;;;;;;;;4443,12401
18/10/2025;;;;;;;;4443,12401
17/10/2025;0,9257;9,0732;102,787;1,5125;1,1681;4,286298;1691,28;4523,57142
16/10/2025;0,9302;9,0545;102,4265;1,5099;1,1649;4,280802;1638,938;4556,55223
15/10/2025;0,9305;9,0342;102,3415;1,5067;1,1622;4,270349;1604,802;4572,07954
14/10/2025;0,9296;8,9823;102,5828;1,5037;1,1553;4,249595;1578,824;4537,20611
13/10/2025;0,9304;8,9974;102,606;1,5025;1,1569;4,249595;1561,3326;4524,09676
12/10/2025;;;;;;;;4531,53192
11/10/2025;;;;;;;;4531,53192
10/10/2025;0,9324;9,0022;102,6203;1,501;1,1568;4,24812;;4510,39842
09/10/2025;0,9309;9,0334;103,1025;1,5048;1,1611;4,258465;1641,52;4493,39037
08/10/2025;0,9305;9,0484;103,1975;1,5062;1,1627;4,271839;1658,943;4494,46823
07/10/2025;0,9314;9,0799;103,5425;1,5085;1,1666;4,280303;1667,6547;4494,36081
06/10/2025;0,9314;9,0896;103,678;1,5104;1,1678;4,295824;1674,53;4539,18299
05/10/2025;;;;;;;;4548,48102
04/10/2025;;;;;;;;4548,48102
03/10/2025;0,9343;9,1318;104,183;1,5129;1,1734;4,311458;1671,2234;4576,02424
02/10/2025;0,935;9,1458;104,2798;1,5127;1,1754;4,303879;1668,6593;4556,5515
01/10/2025;0,9365;9,1235;104,022;1,5114;1,1724;4,316526;1668,1829;4608,20947
30/09/2025;0,9364;9,1359;104,2548;1,5145;1,1741;4,307918;1621,362;4584,01575
29/09/2025;0,9357;9,1208;104,0423;1,5128;1,1723;4,312471;1594,192;4584,22476
28/09/2025;;;;;;;;4569,3739
27/09/2025;;;;;;;;4569,3739
26/09/2025;0,9332;9,0819;103,5495;1,5098;1,1672;4,291306;1551,42;4558,5588
25/09/2025;0,9344;9,1306;104,1115;1,5132;1,1739;4,290805;1558,8083;4531,95323
24/09/2025;0,9335;9,1422;104,2845;1,5128;1,1756;4,308929;1569,9575;4514,75334
23/09/2025;0,9344;9,1696;104,6918;1,5137;1,1793;4,334356;1616,9259;4544,00793
22/09/2025;0,9348;9,1548;103,998;1,5113;1,1781;4,32364;1661,0176;4580,70886
21/09/2025;;;;;;;;4575,2612
20/09/2025;;;;;;;;4575,2612
19/09/2025;0,9344;9,1256;103,465;1,5081;1,1736;4,318556;1733,2725;4576,74271
18/09/2025;0,9331;9,191;104,1335;1,5125;1,1818;4,32008;1737,99315;4569,09977
17/09/2025;0,9317;9,2045;103,9895;1,5111;1,1837;4,350788;1750,8213;4600,0752
16/09/2025;0,9336;9,189;103,9615;1,5089;1,1807;4,342043;1743,1154;4619,39996
15/09/2025;0,9353;9,1524;103,7145;1,5069;1,1766;4,317033;1726,9524;4592,95699
14/09/2025;;;;;;;;4580,84764
13/09/2025;;;;;;;;4580,84764
12/09/2025;0,9347;9,1198;103,4388;1,5042;1,1718;4,302366;1704,9502;4577,25918
11/09/2025;0,9346;9,1031;103,331;1,5015;1,1685;4,310952;1680,0224;4599,22902
10/09/2025;0,9338;9,1189;103,1625;1,5017;1,1707;4,305393;1666,20675;4596,1597
09/09/2025;0,9331;9,1458;103,5465;1,5049;1,1744;4,317033;1658,4382;4628,41696
08/09/2025;0,9328;9,1402;103,2455;1,5062;1,1728;4,316526;1654,3069;4652,12403
07/09/2025;;;;;;;;4648,75723
06/09/2025;;;;;;;;4648,75723
05/09/2025;0,939;9,1263;103,221;1,5045;1,1697;4,314497;1588,602;4684,14277
04/09/2025;0,9383;9,0828;102,6255;1,5013;1,1647;4,274325;1585,54125;4657,32761
03/09/2025;0,9374;9,0909;102,582;1,5015;1,1653;4,2818;1587,37285;4685,15796
02/09/2025;0,9366;9,0915;102,5795;1,5006;1,1646;4,282299;1584,4762;4686,67158
01/09/2025;0,9383;9,1339;103,3225;1,504;1,1715;4,299848;1605,7888;4706,16087
31/08/2025;;;;;;;;4703,5489
30/08/2025;;;;;;;;4703,5489
29/08/2025;0,9364;9,0877;102,8035;1,4987;1,1658;4,286798;1569,7374;4704,34484
28/08/2025;0,9353;9,1008;102,2535;1,498;1,1676;4,287799;1558,0104;4728,85158
27/08/2025;0,935;9,0229;101,739;1,4943;1,1593;4,260441;1570,41315;4688,80044
26/08/2025;0,9376;9,0921;102,127;1,4977;1,1656;4,278308;1578,6947;4681,92457
25/08/2025;0,9385;9,1369;102,4185;1,5009;1,1697;4,295824;1586,3214;4686,1703
24/08/2025;;;;;;;;4697,39466
23/08/2025;;;;;;;;4697,39466
22/08/2025;0,9383;9,075;101,613;1,4956;1,1608;4,282299;1550,3256;4727,25212
21/08/2025;0,9389;9,0943;101,566;1,4983;1,1639;4,26638;1527,241;4676,23369
20/08/2025;0,9403;9,1038;101,4305;1,4974;1,1651;4,280802;1517,8767;4707,67664
19/08/2025;0,9409;9,1137;101,7358;1,4989;1,1682;4,2883;1506,2795;4691,45789
18/08/2025;0,9423;9,1256;101,9985;1,4972;1,1673;4,287799;1507,8966;4688,24249
17/08/2025;;;;;;;;4707,33388
16/08/2025;;;;;;;;4707,33388
15/08/2025;0,9418;9,1401;102,225;1,4988;1,1688;4,298841;;4741,88428
14/08/2025;0,9415;9,1677;102,371;1,4975;1,169;4,279306;1512,94;4688,4683
13/08/2025;0,9409;9,1931;102,4105;1,499;1,1711;4,298841;1536,6039;4707,86378
12/08/2025;0,9418;9,1107;101,7913;1,4931;1,1606;4,279804;1537,65425;4716,87753
11/08/2025;0,943;9,1232;101,9695;1,4951;1,1622;4,265389;1534,9742;4679,08797
10/08/2025;;;;;;;;4702,89294
09/08/2025;;;;;;;;4702,89294
08/08/2025;0,941;9,1436;102,0605;1,4969;1,1648;4,278807;1545,5856;4719,92236
07/08/2025;0,9413;9,1393;101,8715;1,4952;1,1643;4,27781;1543,11745;4706,35703
06/08/2025;0,9369;9,109;101,7935;1,4928;1,1604;4,269852;1551,6468;4758,86596
05/08/2025;0,9347;9,0633;101,3495;1,4875;1,1546;4,240272;1549,84915;4739,0297
04/08/2025;0,9344;9,0785;101,3745;1,4889;1,1565;4,252547;1573,928;4775,46775
03/08/2025;;;;;;;;4771,33833
02/08/2025;;;;;;;;4771,33833
01/08/2025;0,9312;8,9521;99,79;1,4811;1,1404;4,251563;1572,2828;4837,53406
31/07/2025;0,9297;8,9851;100,295;1,4845;1,1446;4,190438;1568,8332;4783,86418
30/07/2025;0,9301;9,0486;100,848;1,4865;1,1527;4,212549;1510,2775;4769,69892
29/07/2025;0,9305;9,0533;100,163;1,4862;1,1533;4,238315;1490,2013;4805,56232
28/07/2025;0,9334;9,1483;101,0355;1,4967;1,1654;4,271342;1501,423;4783,5711
27/07/2025;;;;;;;;4821,79856
26/07/2025;;;;;;;;4821,79856
25/07/2025;0,9343;9,2027;101,424;1,502;1,1724;4,305393;1502,336;4766,46579
24/07/2025;0,9341;9,2283;101,563;1,5011;1,1756;4,324149;1497,0168;4768,79771
23/07/2025;0,9306;9,2049;101,3375;1,4977;1,1726;4,306907;1480,12185;4765,59982
22/07/2025;0,9326;9,1837;101,1091;1,4991;1,1699;4,297332;1475,6336;4720,19763
21/07/2025;0,9325;9,1582;100,666;1,4945;1,1667;4,284298;1490,73;4679,71354
20/07/2025;;;;;;;;4659,71049
19/07/2025;;;;;;;;4659,71049
18/07/2025;0,9324;9,1439;100,351;1,4943;1,165;4,283798;1495,3608;4678,14849
17/07/2025;0,9323;9,0883;99,6725;1,4904;1,1579;4,254025;1475,8016;4671,91777
16/07/2025;0,9326;9,1075;99,7735;1,491;1,1602;4,251563;1468,0562;4656,04113
15/07/2025;0,9299;9,157;100,1605;1,4955;1,1665;4,271839;1461,096;4660,89762
14/07/2025;0,9307;9,1766;100,536;1,4973;1,169;4,289302;1492,864;4677,95656
13/07/2025;;;;;;;;4681,96046
12/07/2025;;;;;;;;4681,96046
11/07/2025;0,931;9,1711;100,266;1,4961;1,1683;4,291808;1475,4504;4693,18622
10/07/2025;0,932;9,1915;100,4195;1,4989;1,1709;4,293815;1466,9695;4702,67442
09/07/2025;0,9325;9,1829;100,27;1,4989;1,1698;4,298841;;4749,616
08/07/2025;0,9351;9,1986;100,3895;1,4991;1,1718;4,298338;1471,362;4703,26369
07/07/2025;0,9354;9,2062;100,7765;1,4998;1,1728;4,30994;1479,6384;4665,31422
06/07/2025;;;;;;;;4681,2117
05/07/2025;;;;;;;;4681,2117
04/07/2025;0,9346;9,2367;100,498;1,4992;1,1767;4,326697;1460,1;4681,2117
03/07/2025;0,9351;9,2488;100,5915;1,5003;1,1782;4,327716;1446,7943;4708,59211
02/07/2025;0,933;9,2274;100,7005;1,4982;1,1755;4,32008;1449,4826;4763,14274
01/07/2025;0,9324;9,2709;101,0525;1,5009;1,181;4,329247;1439,7604;4793,4608
30/06/2025;0,9347;9,2001;100,5605;1,4941;1,172;4,303879;1417,803;4777,18212
29/06/2025;;;;;;;;4768,8393
28/06/2025;;;;;;;;4768,8393
27/06/2025;0,9359;9,1876;100,078;1,4933;1,1704;4,307918;1391,6056;4737,43506
26/06/2025;0,9379;9,1803;100,276;1,4918;1,1695;4,300351;1394,68875;4762,39291
25/06/2025;0,9361;9,1044;99,859;1,4853;1,1598;4,260935;1387,26345;4742,70441
24/06/2025;0,9387;9,1114;99,8517;1,4855;1,1607;4,257971;1365,7086;4739,8057
23/06/2025;0,9387;9,0055;99,535;1,4829;1,1472;4,22515;1355,0812;4704,51318
22/06/2025;;;;;;;;4698,18909
21/06/2025;;;;;;;;4698,18909
20/06/2025;0,9415;9,0391;99,7375;1,4797;1,1515;4,230016;;4693,88248
19/06/2025;0,9389;9,0101;99,5585;1,4787;1,1478;4,213999;1333,7436;4674,92759
18/06/2025;0,9403;9,0337;99,456;1,4787;1,1508;4,21884;1315,4745;4717,1385
17/06/2025;0,9406;9,0805;99,777;1,4817;1,1568;4,244683;1332,26;4721,96638
16/06/2025;0,9393;9,0853;99,5785;1,4816;1,1574;4,26143;;4807,59652
15/06/2025;;;;;;;;4787,48192
14/06/2025;;;;;;;;4787,48192
13/06/2025;0,9359;9,0362;99,11;1,4777;1,1512;4,232454;1365,0918;4812,63521
12/06/2025;0,9427;9,1004;99,1718;1,4828;1,1594;4,253533;1371,4005;4853,77403
11/06/2025;0,9405;8,974;97,796;1,4714;1,1433;4,213515;1359,0636;4812,20092
10/06/2025;0,9389;8,97;97,8069;1,4695;1,1429;4,202907;1357,5047;4728,68437
09/06/2025;0,9369;8,9547;97,744;1,4676;1,141;4,187571;1353,3885;4721,65871
08/06/2025;;;;;;;;4713,5882
07/06/2025;;;;;;;;4713,5882
06/06/2025;0,9383;8,954;97,836;1,4683;1,1411;4,183755;1350,87725;4666,82497
05/06/2025;0,9365;8,9635;98,04;1,4676;1,1423;4,216418;1362,6231;4706,56913
04/06/2025;0,937;8,9327;97,779;1,4678;1,1384;4,190916;1354,3152;4729,70737
03/06/2025;0,9358;8,9315;97,4915;1,4674;1,1386;4,179945;1346,9184;4726,42926
02/06/2025;0,9336;8,9576;97,4995;1,4686;1,1419;4,199062;1348,131;4744,26875
01/06/2025;;;;;;;;4709,83438
31/05/2025;;;;;;;;4709,83438
30/05/2025;0,9341;8,8926;97,0248;1,4633;1,1339;4,156763;1349,4492;4662,23334
29/05/2025;0,9339;8,8426;96,4173;1,4547;1,1281;4,170926;1346,3723;4683,71572
28/05/2025;0,9364;8,8704;96,6375;1,4587;1,1317;4,153472;1309,64;4665,63513
27/05/2025;0,9386;8,9009;96,9785;1,4623;1,1356;4,167612;1309,9792;4724,19975
26/05/2025;0,9356;8,9184;96,839;1,461;1,1381;4,179945;1300,8483;4742,11101
25/05/2025;;;;;;;;4725,44937
24/05/2025;;;;;;;;4725,44937
23/05/2025;0,9299;8,8508;96,552;1,4555;1,1301;4,154882;1287,656;4738,0758
22/05/2025;0,9343;8,8496;97,2295;1,4601;1,1309;4,144098;1279,59495;4702,53673
21/05/2025;0,9352;8,8655;96,8675;1,4603;1,1321;4,16336;1300,4808;4732,32711
20/05/2025;0,9366;8,7968;96,184;1,4568;1,1241;4,131511;1288,0545;4696,7446
19/05/2025;0,9394;8,8062;96,2175;1,4577;1,1262;4,131976;1281,343;4720,03299
18/05/2025;;;;;;;;4678,92905
17/05/2025;;;;;;;;4678,92905
16/05/2025;0,9381;8,7478;95,82;1,4539;1,1194;4,112082;1272,8732;4681,58406
15/05/2025;0,9377;8,7325;95,647;1,4528;1,1185;4,113003;1271,3736;4692,02916
14/05/2025;0,939;8,7519;95,7558;1,4563;1,1214;4,118538;1266,4816;4714,86185
13/05/2025;0,9358;8,6621;94,829;1,4501;1,1112;4,089188;1258,0839;4709,01225
12/05/2025;0,9369;8,6534;94,242;1,4507;1,1106;4,082824;1254,3692;4710,63237
11/05/2025;;;;;;;;4776,97632
10/05/2025;;;;;;;;4776,97632
09/05/2025;0,9353;8,7519;96,0755;1,46;1,1252;4,134301;1279,4768;4800,6289
08/05/2025;0,9325;8,7796;96,592;1,4645;1,1297;4,152063;1250,6878;4856,98242
07/05/2025;0,9359;8,8139;96,2925;1,467;1,136;4,174244;1274,1664;4893,73148
06/05/2025;0,9346;8,7769;95,5585;1,46;1,1325;4,168558;1356,7422;4858,69598
05/05/2025;0,9336;8,7909;95,6155;1,4619;1,1343;4,163832;1355,88;4812,25701
04/05/2025;;;;;;;;4824,77622
03/05/2025;;;;;;;;4824,77622
02/05/2025;0,9343;8,7908;95,6221;1,4694;1,1343;4,178994;;4800,27602
01/05/2025;;;;;;4,153002;;4763,33133
30/04/2025;0,9389;8,8214;96,136;1,4859;1,1373;4,173295;1327,599;4773,02
29/04/2025;0,9392;8,8237;96,8227;1,4894;1,1373;4,189482;1326,702;4812,16972
28/04/2025;0,942;8,8105;96,5725;1,4923;1,1358;4,173295;1343,0378;4824,26359
27/04/2025;;;;;;;;4819,81199
26/04/2025;;;;;;;;4819,81199
25/04/2025;0,9421;8,8089;97,0205;1,493;1,1357;4,169978;1330,54015;4859,5449
24/04/2025;0,9392;8,826;97,0793;1,4924;1,1376;4,178519;1334,3684;4888,68287
23/04/2025;0,9382;8,8567;97,4838;1,4961;1,1415;4,162888;1314,048;4861,4547
22/04/2025;0,9318;8,9027;97,785;1,5011;1,1476;4,213032;1263,9696;4904,35427
21/04/2025;;;;;;4,231478;1259,6316;4951,87501
20/04/2025;;;;;;;;4888,13822
19/04/2025;;;;;;;;4888,13822
18/04/2025;;;;;;4,17947;;4888,13822
17/04/2025;0,9291;8,8195;97,0185;1,4905;1,136;4,172821;;4888,13822
16/04/2025;0,926;8,8124;97,2595;1,4926;1,1355;4,175193;1291,0625;4928,50867
15/04/2025;0,9242;8,8238;97,2557;1,4915;1,1324;4,155352;1352,28;4855,37337
14/04/2025;0,9329;8,8221;97,8348;1,4971;1,1377;4,161945;1358,6518;4931,63073
13/04/2025;;;;;;;;4919,04948
12/04/2025;;;;;;;;4919,04948
11/04/2025;0,9252;8,799;97,685;1,4992;1,1346;4,169978;1217,3854;4934,00496
10/04/2025;0,9299;8,6004;95,484;1,481;1,1082;4,088278;1207,8555;4938,08025
09/04/2025;0,9278;8,5645;95,733;1,4883;1,1045;4,051743;1182,17415;4843,67172
08/04/2025;0,9349;8,5059;94,4125;1,4766;1,095;4,013661;1176,448875;4773,04968
07/04/2025;0,9377;8,5198;94,059;1,4767;1,0967;4,017613;1176,7136;4668,30926
06/04/2025;;;;;;;;4696,51786
05/04/2025;;;;;;;;4696,51786
04/04/2025;0,9407;8,5933;94,426;1,4804;1,1057;4,040599;1177,4668;4538,26148
03/04/2025;0,9538;8,6311;94,6325;1,4804;1,1097;4,075122;1185,08;4609,80792
02/04/2025;0,9543;8,4067;92,362;1,4508;1,0803;3,976288;;4504,6224
01/04/2025;0,952;8,3943;92,384;1,4492;1,0788;3,963415;1159,8702;4531,53457
31/03/2025;0,9531;8,413;92,3955;1,4519;1,0815;3,968554;1161,6384;4528,81411
30/03/2025;;;;;;;;4537,61851
29/03/2025;;;;;;;;4537,61851
28/03/2025;0,9525;8,3988;92,346;1,4481;1,0797;3,971988;1161,527;4494,34815
27/03/2025;0,9524;8,3867;92,462;1,445;1,0785;3,959142;1157,064975;4461,10731
26/03/2025;0,9532;8,3886;92,4014;1,4439;1,0788;3,957009;1152,881475;4428,31834
25/03/2025;0,9539;8,416;92,7728;1,4459;1,0825;3,972847;1158,3474;4502,53404
24/03/2025;0,9544;8,4141;92,6195;1,448;1,0824;3,963842;;4499,8243
23/03/2025;;;;;;;;4506,07753
22/03/2025;;;;;;;;4506,07753
21/03/2025;0,9547;8,4166;93,14;1,4452;1,0827;3,978011;1159,5773;4526,50654
20/03/2025;0,9564;8,4189;93,551;1,4476;1,0833;3,976719;1159,87275;4494,06395
19/03/2025;0,9583;8,4674;94,0605;1,4526;1,0897;4,00098;1164,3159;4487,88283
18/03/2025;0,9601;8,4833;94,5045;1,4544;1,0918;4,005781;1170,6619;4454,61009
17/03/2025;0,9616;8,4719;94,631;1,4522;1,0903;4,005344;1166,1609;4480,73104
16/03/2025;;;;;;;;4460,62795
15/03/2025;;;;;;;;4460,62795
14/03/2025;0,9641;8,4635;94,6655;1,4536;1,0889;3,993584;1162,7417;4473,1422
13/03/2025;0,9579;8,4175;94,27;1,4484;1,083;3,98535;1158,2285;4462,72486
12/03/2025;0,9619;8,4579;94,9275;1,4527;1,0886;3,997932;1163,6109;4535,64447
11/03/2025;0,9608;8,4784;95,1455;1,4535;1,0912;4,007092;1166,21775;4547,77369
10/03/2025;0,9512;8,4241;94,6938;1,4436;1,0845;3,978873;1154,1582;4461,582
09/03/2025;;;;;;;;4474,9616
08/03/2025;;;;;;;;4474,9616
07/03/2025;0,9557;8,4357;94,4435;1,4448;1,0857;3,983189;1156,40595;4461,65672
06/03/2025;0,9565;8,3922;94,008;1,4387;1,0796;3,974997;1149,34065;4463,10653
05/03/2025;0,9514;8,3106;93,0873;1,4301;1,0694;3,934962;1148,006475;4460,79535
04/03/2025;0,9371;8,2056;91,9903;1,4151;1,0557;3,871087;;4333,76117
03/03/2025;0,9428;8,1386;91,353;1,4106;1,0465;3,846355;;4334,74764
02/03/2025;;;;;;;;4299,4016
01/03/2025;;;;;;;;4299,4016
28/02/2025;0,9394;8,098;90,971;1,4037;1,0411;3,82154;1106,807625;4284,9144
27/02/2025;0,9407;8,1446;91,311;1,4049;1,0477;3,828711;1105,696025;4293,38403
26/02/2025;0,9392;8,1516;91,3495;1,4035;1,0487;3,849984;1114,094275;4335,54925
25/02/2025;0,9386;8,1609;91,5198;1,4047;1,0497;3,855643;1114,89345;4317,43897
24/02/2025;0,9415;8,1356;90,7663;1,4002;1,0466;3,84394;1111,1853;4264,60996
23/02/2025;;;;;;;;4258,90698
22/02/2025;;;;;;;;4258,90698
21/02/2025;0,942;8,1327;90,6598;1,3994;1,0465;3,847967;1109,75665;4263,08898
20/02/2025;0,9423;8,1211;90,426;1,3966;1,0443;3,83591;1111,25385;4293,15189
19/02/2025;0,9435;8,1148;90,642;1,4008;1,0434;3,831108;1102,785175;4285,70251
18/02/2025;0,9425;8,1235;90,85;1,4036;1,0447;3,835109;1106,2314;4292,16082
17/02/2025;0,944;8,1481;90,992;1,405;1,0473;3,846355;1110,30585;4297,28664
16/02/2025;;;;;;;;4309,17856
15/02/2025;;;;;;;;4309,17856
14/02/2025;0,9442;8,1554;90,81;1,4052;1,0478;3,852407;1112,0091;4373,07024
13/02/2025;0,9421;8,0926;90,3771;1,4033;1,039;3,815188;1102,704375;4345,62578
12/02/2025;0,9457;8,0769;90,101;1,4031;1,037;3,793513;1102,084575;4308,94443
11/02/2025;0,9429;8,0452;89,548;1,3995;1,0324;3,791555;1093,0549;4273,86291
10/02/2025;0,9396;8,04;90,274;1,3972;1,032;3,790381;1089,35715;4243,48723
09/02/2025;;;;;;;;4255,41696
08/02/2025;;;;;;;;4255,41696
07/02/2025;0,9418;8,0828;90,8135;1,4021;1,0377;3,806488;1089,850725;4293,9916
06/02/2025;0,9385;8,0668;90,76;1,4027;1,036;3,804911;1094,725025;4334,51321
05/02/2025;0,9395;8,1162;91,0595;1,4053;1,0422;3,821938;1098,89445;4328,61171
04/02/2025;0,9396;8,0489;90,011;1,4015;1,0335;3,798614;1093,8898;4358,41901
03/02/2025;0,9393;8,0072;89,4513;1,4024;1,0274;3,768213;1083,3473;4315,51459
02/02/2025;;;;;;;;4349,40443
01/02/2025;;;;;;;;4349,40443
31/01/2025;0,9449;8,099;89,9945;1,4091;1,0393;3,81202;1097,43095;4334,93389
30/01/2025;0,9441;8,105;90,097;1,4048;1,0403;3,841929;1095,8684;4376,64014
29/01/2025;0,943;8,0992;89,9945;1,4051;1,0396;3,815188;1095,76815;4396,198
28/01/2025;0,9441;8,1189;90,1955;1,4087;1,0421;3,829909;1095,8777;4400,0355
27/01/2025;0,9453;8,1987;90,88;1,4134;1,053;3,862537;1101,7644;4397,46415
26/01/2025;;;;;;;;4405,42222
25/01/2025;;;;;;;;4405,42222
24/01/2025;0,9494;8,1559;90,33;1,4129;1,0472;3,844342;1102,6039;4465,57467
23/01/2025;0,9442;8,1045;89,9285;1,4114;1,0404;3,823928;1094,10975;4448,06089
22/01/2025;0,9449;8,1322;90,209;1,4126;1,0443;3,830309;1091,7016;4487,75158
21/01/2025;0,9427;8,0636;89,686;1,4078;1,0357;3,810438;1091,0787;4518,25801
20/01/2025;0,9429;8,0301;89,2735;1,4077;1,0316;3,819553;1086,99955;4518,25801
19/01/2025;;;;;;;;4475,03252
18/01/2025;;;;;;;;4475,03252
17/01/2025;0,9394;8,0194;89,198;1,4083;1,0298;3,777904;1073,232;4468,72831
16/01/2025;0,9376;8,0007;88,943;1,4061;1,0272;3,774409;1072,9474;4423,148
15/01/2025;0,9394;8,0201;89,0145;1,4089;1,03;3,798614;1071,9054;4431,61233
14/01/2025;0,9395;7,9761;88,6925;1,4036;1,0245;3,765122;1070,9808;4458,78472
13/01/2025;0,9346;7,9412;88,4165;1,401;1,0198;3,747831;1062,776;4429,04655
12/01/2025;;;;;;;;4451,84982
11/01/2025;;;;;;;;4451,84982
10/01/2025;0,9416;8,0224;88,6265;1,4092;1,0304;3,764736;1064,75985;4429,00369
09/01/2025;0,9397;8,0189;88,474;1,4102;1,0305;3,786473;1068,31375;4477,62522
08/01/2025;0,9379;8,0018;88,352;1,4096;1,0286;3,784522;1068,32055;4472,79641
07/01/2025;0,9426;8,0824;89,112;1,415;1,0393;3,817568;1073,9176;4517,75274
06/01/2025;0,9396;8,1035;89,2605;1,4168;1,0426;3,826318;1075,6774;4527,11709
05/01/2025;;;;;;;;4481,38423
04/01/2025;;;;;;;;4481,38423
03/01/2025;0,9362;8,0122;88,3335;1,4113;1,0299;3,779459;1066,25435;4537,96345
02/01/2025;0,9371;8,0261;88,507;1,4091;1,0321;3,787254;1059,758;4530,40162
01/01/2025;;;;;;3,800973;;4565,67482
